SFC_Potteric_Carr_P_Q,,,,,,,,,,,,,
Degree,Radians,17.5 kV_P,17.5 kV_Q,19.0 kV_P,19.0 kV_Q,22.0 kV_P,22.0 kV_Q,25.0 kV_P,25.0 kV_Q,27.5 kV_P,27.5 kV_Q,29.0 kV_P,29.0 kV_Q
1,0.017453293,32.54504248,0.56807583,35.33461755,0.616768043,40.91376769,0.714152471,46.49291782,0.811536899,46.5,-0.593955488,46.5,-15.587576
2,0.034906585,32.53017142,1.135978618,35.31847183,1.233348213,40.89507264,1.428087405,46.47167346,1.622826597,46.5,-0.588259828,46.5,-15.58132933
3,0.052359878,32.50539136,1.703535376,35.29156776,1.849552694,40.86392056,2.141587329,46.43627337,2.433621965,46.5,-0.57877323,46.5,-15.57092506
4,0.06981317,32.47070984,2.27057322,35.25391354,2.465193782,40.82032094,2.854434906,46.38672834,3.243676029,46.5,-0.565504942,46.5,-15.55637341
5,0.087266463,32.42613742,2.836919426,35.20552063,3.080083949,40.76428705,3.566412993,46.32305346,4.052742038,46.5,-0.548467896,46.5,-15.53768871
6,0.104719755,32.37168769,3.402401479,35.14640378,3.694035892,40.69583596,4.277304717,46.24526813,4.860573542,46.5,-0.527678694,46.5,-15.51488933
7,0.122173048,32.30737724,3.966847128,35.076581,4.306862596,40.61498853,4.986893532,46.15339605,5.666924468,46.5,-0.503157586,46.5,-15.48799771
8,0.13962634,32.23322564,4.530084436,34.99607355,4.918377388,40.52176937,5.694963291,46.0474652,6.471549195,46.5,-0.474928451,46.5,-15.45704028
9,0.157079633,32.14925549,5.091941837,34.90490596,5.528393995,40.4162069,6.401298309,45.92750784,7.274202624,46.5,-0.443018769,46.5,-15.42204747
10,0.174532925,32.05549236,5.652248183,34.80310599,6.136726599,40.29833325,7.10568343,45.79356052,8.074640262,46.5,-0.407459587,46.5,-15.38305366
11,0.191986218,31.95196482,6.2108328,34.69070466,6.743189897,40.16818435,7.807904091,45.64566403,8.872618285,46.5,-0.368285486,46.5,-15.34009713
12,0.20943951,31.8387044,6.767525536,34.56773621,7.347599153,40.02579982,8.507746388,45.48386343,9.667893623,46.5,-0.325534541,46.5,-15.29322004
13,0.226892803,31.71574561,7.322156819,34.43423809,7.949770261,39.87122305,9.204997144,45.30820801,10.46022403,46.5,-0.279248277,46.5,-15.24246836
14,0.244346095,31.58312589,7.874557702,34.29025097,8.54951979,39.70450112,9.899443968,45.11875127,11.24936815,46.5,-0.229471622,46.5,-15.18789185
15,0.261799388,31.44088565,8.424559918,34.1358187,9.146665054,39.52568481,10.59087533,44.91555092,12.0350856,46.5,-0.176252855,46.5,-15.12954394
16,0.27925268,31.2890682,8.971995932,33.97098833,9.741024155,39.3348286,11.2790806,44.69866886,12.81713705,46.5,-0.119643554,46.5,-15.06748176
17,0.296705973,31.12771981,9.516698989,33.79581008,10.33241604,39.13199061,11.96385016,44.46817115,13.59528427,46.5,-0.059698532,46.5,-15.00176597
18,0.314159265,30.95688961,10.05850317,33.61033729,10.92066058,38.91723265,12.64497541,44.22412801,14.36929024,46.5,0.003524221,46.5,-14.93246078
19,0.331612558,30.77662964,10.59724343,33.41462646,11.50557858,38.69062011,13.32224888,43.96661377,15.13891918,46.5,0.069963606,46.5,-14.85963384
20,0.34906585,30.58699481,11.13275567,33.20873722,12.08699187,38.45222204,13.99546426,43.69570687,15.90393666,46.5,0.139555484,46.5,-14.78335614
21,0.366519143,30.38804288,11.66487676,32.99273227,12.66472334,38.20211105,14.6644165,43.41148983,16.66410965,46.5,0.21223275,46.5,-14.70370197
22,0.383972435,30.17983447,12.19344462,32.76667742,13.23859701,37.94036333,15.3289018,43.11404924,17.41920659,46.5,0.287925407,46.5,-14.62074882
23,0.401425728,29.96243298,12.71829823,32.53064152,13.80843808,37.6670586,15.98871778,42.80347569,18.16899747,46.5,0.36656065,46.5,-14.53457728
24,0.41887902,29.73590465,13.23927773,32.28469647,14.37407297,37.38228013,16.64366343,42.47986378,18.9132539,46.5,0.448062944,46.5,-14.44527095
25,0.436332313,29.50031847,13.75622442,32.02891719,14.93532937,37.08611465,17.29353927,42.1433121,19.65174917,46.35764331,0.532354111,46.5,-14.35291638
26,0.453785606,29.25574621,14.26898083,31.7633816,15.49203633,36.77865237,17.93814733,41.79392315,20.38425833,45.97331547,0.619353423,46.5,-14.25760292
27,0.471238898,29.00226236,14.77739077,31.48817056,16.04402426,36.45998697,18.57729125,41.43180337,21.11055824,45.57498371,0.708977689,46.5,-14.15942265
28,0.488692191,28.73994415,15.28129937,31.20336793,16.59112503,36.1302155,19.21077635,41.05706307,21.6866714,45.16276937,0.801141348,46.5,-14.05847025
29,0.506145483,28.46887147,15.78055314,30.90906045,17.13317198,35.78943842,19.83840966,40.66981638,21.76715182,44.73679802,0.895756574,46.5,-13.95484294
30,0.523598776,28.18912689,16.275,30.60533777,17.67,35.43775952,20.46,40.27018128,21.84965708,44.2971994,0.992733365,46.5,-13.84864031
31,0.541052068,27.90079564,16.76448934,30.29229241,18.20144557,35.07528594,21.07535803,39.85827948,21.93411038,43.84410743,1.091979655,46.2356042,-13.73996424
32,0.558505361,27.60396553,17.24887205,29.97001972,18.7273468,34.70212809,21.68429629,39.43423647,22.02043325,43.37766012,1.193401411,45.74371431,-13.6289188
33,0.575958653,27.29872699,17.72800059,29.63861787,19.2475435,34.31839964,22.28662931,38.99818141,22.1085457,42.89799955,1.296902743,45.23789043,-13.51561009
34,0.593411946,26.98517299,18.20172901,29.29818781,19.76187721,33.92421747,22.88217361,38.55024712,22.19836623,42.40527184,1.40238601,44.71828666,-13.40014614
35,0.610865238,26.66339904,18.669913,28.94883325,20.27019126,33.51970165,23.47074778,38.09057006,22.289812,41.89962707,1.509751933,44.18506127,-13.2826368
36,0.628318531,26.33350317,19.13240996,28.59066058,20.77233082,33.10497541,24.05217252,37.61929024,22.38279886,41.38121926,1.618899706,43.63837668,-13.16319359
37,0.645771823,25.99558585,19.589079,28.22377893,21.26814292,32.68016507,24.62627075,37.13655122,22.47724149,40.85020634,1.729727108,43.07839941,-13.04192961
38,0.663225116,25.64975003,20.03978102,27.84830003,21.75747654,32.24540004,25.19286757,36.64250004,22.57305348,40.30675005,1.84213062,42.50530005,-12.91895937
39,0.680678408,25.29610105,20.48437873,27.46433828,22.24018262,31.80081274,25.7517904,36.13728721,22.67014739,39.75101593,1.956005541,41.91925316,-12.79439869
40,0.698131701,24.93474662,20.9227367,27.07201062,22.71611413,31.34653861,26.30286899,35.62106661,22.76843492,39.18317327,2.071246107,41.32043726,-12.66836455
41,0.715584993,24.56579684,21.35472139,26.67143657,23.18512608,30.88271602,26.84593547,35.09399548,22.86782694,38.60339503,2.187745607,40.70903476,-12.54097496
42,0.733038286,24.18936407,21.78020124,26.26273813,23.64707563,30.40948626,27.38082441,34.55623438,22.96823364,38.01185782,2.305396506,40.08523189,-12.41234887
43,0.750491578,23.80556299,22.19904662,25.84603982,24.10182204,29.92699347,27.90737289,34.00794713,23.06956459,37.40874184,2.424090562,39.44921867,-12.28260597
44,0.767944871,23.4145105,22.61112996,25.42146854,24.54922681,29.43538463,28.42542052,33.44930072,23.17172887,36.79423079,2.543718951,38.80118883,-12.15186659
45,0.785398163,23.01632573,23.01632573,24.98915365,24.98915365,28.93480949,28.93480949,32.88046533,23.27463515,36.16851186,2.664172385,38.14133978,-12.02025157
46,0.802851456,22.61112996,23.4145105,24.54922681,25.42146854,28.42542052,29.43538463,32.30161423,23.37819182,35.53177565,2.785341236,37.4698725,-11.88788211
47,0.820304748,22.19904662,23.80556299,24.10182204,25.84603982,27.90737289,29.92699347,31.71292374,23.48230704,34.88421612,2.907115661,36.78699154,-11.75487964
48,0.837758041,21.78020124,24.18936407,23.64707563,26.26273813,27.38082441,30.40948626,31.1145732,23.5868889,34.22603052,3.029385718,36.09290491,-11.62136568
49,0.855211333,21.35472139,24.56579684,23.18512608,26.67143657,26.84593547,30.88271602,30.50674485,23.69184548,33.55741933,3.152041492,35.38782402,-11.48746172
50,0.872664626,20.9227367,24.93474662,22.71611413,27.07201062,26.30286899,31.34653861,29.88962385,23.79708498,32.87858624,3.274973219,34.67196367,-11.35328906
51,0.890117919,20.48437873,25.29610105,22.24018262,27.46433828,25.7517904,31.80081274,29.26339818,23.9025158,32.189738,3.398071403,33.94554189,-11.2189687
52,0.907571211,20.03978102,25.64975003,21.75747654,27.84830003,25.19286757,32.24540004,28.6282586,24.00804664,31.49108446,3.52122694,33.20877998,-11.08462119
53,0.925024504,19.589079,25.99558585,21.26814292,28.22377893,24.62627075,32.68016507,27.98439858,24.11358661,30.78283843,3.644331238,32.46190235,-10.95036648
54,0.942477796,19.13240996,26.33350317,20.77233082,28.59066058,24.05217252,33.10497541,27.33201423,24.21904533,30.06521565,3.767276337,31.70513651,-10.81632384
55,0.959931089,18.669913,26.66339904,20.27019126,28.94883325,23.47074778,33.51970165,26.67130429,24.32433303,29.33843472,3.889955027,30.93871298,-10.68261167
56,0.977384381,18.20172901,26.98517299,19.76187721,29.29818781,22.88217361,33.92421747,26.00247001,24.42936063,28.60271701,4.012260967,30.16286521,-10.5493474
57,0.994837674,17.72800059,27.29872699,19.2475435,29.63861787,22.28662931,34.31839964,25.32571513,24.53403986,27.85828664,4.134088798,29.37782955,-10.41664737
58,1.012290966,17.24887205,27.60396553,18.7273468,29.97001972,21.68429629,34.70212809,24.64124579,24.63828333,27.10537037,4.255334262,28.58384511,-10.28462666
59,1.029744259,16.76448934,27.90079564,18.20144557,30.29229241,21.07535803,35.07528594,23.94927048,24.74200466,26.34419753,4.375894315,27.78115376,-10.15339902
60,1.047197551,16.275,28.18912689,17.67,30.60533777,20.46,35.43775952,23.25,24.84511853,25.575,4.495667235,26.97,-10.02307669
61,1.064650844,15.78055314,28.46887147,17.13317198,30.90906045,19.83840966,35.78943842,22.54364734,24.9475408,24.79801208,4.614552739,26.15063092,-9.893770321
62,1.082104136,15.28129937,28.73994415,16.59112503,31.20336793,19.21077635,36.1302155,21.83042767,25.04918861,24.01347044,4.732452084,25.3232961,-9.765588844
63,1.099557429,14.77739077,29.00226236,16.04402426,31.48817056,18.57729125,36.45998697,21.11055824,25.14998042,23.22161406,4.849268179,24.48824756,-9.638639334
64,1.117010721,14.26898083,29.25574621,15.49203633,31.7633816,17.93814733,36.77865237,20.38425833,25.24983615,22.42268416,4.964905686,23.64573966,-9.513026914
65,1.134464014,13.75622442,29.50031847,14.93532937,32.02891719,17.29353927,37.08611465,19.65174917,25.34867724,21.61692409,5.079271121,22.79602904,-9.388854632
66,1.151917306,13.23927773,29.73590465,14.37407297,32.28469647,16.64366343,37.38228013,18.9132539,25.44642673,20.80457929,5.192272959,21.93937453,-9.266223357
67,1.169370599,12.71829823,29.96243298,13.80843808,32.53064152,15.98871778,37.6670586,18.16899747,25.54300934,19.98589722,5.303821722,21.07603707,-9.145231667
68,1.186823891,12.19344462,30.17983447,13.23859701,32.76667742,15.3289018,37.94036333,17.41920659,25.63835156,19.16112725,5.413830083,20.20627965,-9.025975745
69,1.204277184,11.66487676,30.38804288,12.66472334,32.99273227,14.6644165,38.20211105,16.66410965,25.73238172,18.33052062,5.52221295,19.3303672,-8.908549281
70,1.221730476,11.13275567,30.58699481,12.08699187,33.20873722,13.99546426,38.45222204,15.90393666,25.82503006,17.49433033,5.628887559,18.44856653,-8.793043369
71,1.239183769,10.59724343,30.77662964,11.50557858,33.41462646,13.32224888,38.69062011,15.13891918,25.91622881,16.6528111,5.733773558,17.56114625,-8.679546414
72,1.256637061,10.05850317,30.95688961,10.92066058,33.61033729,12.64497541,38.91723265,14.36929024,26.00591225,15.80621926,5.836793092,16.66837668,-8.568144039
73,1.274090354,9.516698989,31.12771981,10.33241604,33.79581008,11.96385016,39.13199061,13.59528427,26.09401678,14.9548127,5.937870877,15.77052975,-8.458919
74,1.291543646,8.971995932,31.2890682,9.741024155,33.97098833,11.2790806,39.3348286,12.81713705,26.18048098,14.09885075,6.036934285,14.86787897,-8.351951097
75,1.308996939,8.424559918,31.44088565,9.146665054,34.1358187,10.59087533,39.52568481,12.0350856,26.26524568,13.23859416,6.13391341,13.96069929,-8.247317096
76,1.326450232,7.874557702,31.58312589,8.54951979,34.29025097,9.899443968,39.70450112,11.24936815,26.34825401,12.37430496,6.22874114,13.04926705,-8.14509065
77,1.343903524,7.322156819,31.71574561,7.949770261,34.43423809,9.204997144,39.87122305,10.46022403,26.42945146,11.50624643,6.321353225,12.13385987,-8.045342228
78,1.361356817,6.767525536,31.8387044,7.347599153,34.56773621,8.507746388,40.02579982,9.667893623,26.50878592,10.63468299,6.411688336,11.2147566,-7.948139041
79,1.378810109,6.2108328,31.95196482,6.743189897,34.69070466,7.807904091,40.16818435,8.872618285,26.58620774,9.759880114,6.499688129,10.29223721,-7.853544984
80,1.396263402,5.652248183,32.05549236,6.136726599,34.80310599,7.10568343,40.29833325,8.074640262,26.6616698,8.882104288,6.585297294,9.366582703,-7.761620567
81,1.413716694,5.091941837,32.14925549,5.528393995,34.90490596,6.401298309,40.4162069,7.274202624,26.7351275,8.001622887,6.668463612,8.438075044,-7.672422863
82,1.431169987,4.530084436,32.23322564,4.918377388,34.99607355,5.694963291,40.52176937,6.471549195,26.80653883,7.118704114,6.749138002,7.506997066,-7.586005452
83,1.448623279,3.966847128,32.30737724,4.306862596,35.076581,4.986893532,40.61498853,5.666924468,26.87586442,6.233616915,6.82727456,6.573632383,-7.502418377
84,1.466076572,3.402401479,32.37168769,3.694035892,35.14640378,4.277304717,40.69583596,4.860573542,26.94306754,5.346630896,6.902830606,5.638265309,-7.421708094
85,1.483529864,2.836919426,32.42613742,3.080083949,35.20552063,3.566412993,40.76428705,4.052742038,27.00811417,4.458016242,6.975766715,4.701180764,-7.343917438
86,1.500983157,2.27057322,32.47070984,2.465193782,35.25391354,2.854434906,40.82032094,3.243676029,27.07097298,3.568043632,7.046046751,3.762664194,-7.269085583
87,1.518436449,1.703535376,32.50539136,1.849552694,35.29156776,2.141587329,40.86392056,2.433621965,27.1316154,2.676984162,7.113637895,2.82300148,-7.197248014
88,1.535889742,1.135978618,32.53017142,1.233348213,35.31847183,1.428087405,40.89507264,1.622826597,27.19001561,1.785109256,7.178510668,1.882478852,-7.128436498
89,1.553343034,0.56807583,32.54504248,0.616768043,35.33461755,0.714152471,40.91376769,0.811536899,27.24615056,0.892690589,7.24063895,0.941382803,-7.062679069
90,1.570796327,1.99E-15,32.55,2.16E-15,35.34,2.51E-15,40.92,2.85E-15,27.3,3.13E-15,7.3,3.30E-15,-7
91,1.588249619,-0.56807583,32.54504248,-0.616768043,35.33461755,-0.714152471,40.91376769,-0.811536899,27.35154648,-0.892690589,7.356574462,-0.941382803,-6.940419801
92,1.605702912,-1.135978618,32.53017142,-1.233348213,35.31847183,-1.428087405,40.89507264,-1.622826597,27.40077534,-1.785109256,7.410346377,-1.882478852,-6.883955205
93,1.623156204,-1.703535376,32.50539136,-1.849552694,35.29156776,-2.141587329,40.86392056,-2.433621965,27.44767475,-2.676984162,7.461303182,-2.82300148,-6.830619165
94,1.640609497,-2.27057322,32.47070984,-2.465193782,35.25391354,-2.854434906,40.82032094,-3.243676029,27.49223567,-3.568043632,7.509435714,-3.762664194,-6.780420859
95,1.658062789,-2.836919426,32.42613742,-3.080083949,35.20552063,-3.566412993,40.76428705,-4.052742038,27.53445188,-4.458016242,7.5547382,-4.701180764,-6.73336569
96,1.675516082,-3.402401479,32.37168769,-3.694035892,35.14640378,-4.277304717,40.69583596,-4.860573542,27.57431995,-5.346630896,7.597208254,-5.638265309,-6.689455302
97,1.692969374,-3.966847128,32.30737724,-4.306862596,35.076581,-4.986893532,40.61498853,-5.666924468,27.61183923,-6.233616915,7.636846856,-6.573632383,-6.648687592
98,1.710422667,-4.530084436,32.23322564,-4.918377388,34.99607355,-5.694963291,40.52176937,-6.471549195,27.64701187,-7.118704114,7.673658342,-7.506997066,-6.611056729
99,1.727875959,-5.091941837,32.14925549,-5.528393995,34.90490596,-6.401298309,40.4162069,-7.274202624,27.67984274,-8.001622887,7.70765038,-8.438075044,-6.57655318
100,1.745329252,-5.652248183,32.05549236,-6.136726599,34.80310599,-7.10568343,40.29833325,-8.074640262,27.71033948,-8.882104288,7.738833942,-9.366582703,-6.545163738
101,1.762782545,-6.2108328,31.95196482,-6.743189897,34.69070466,-7.807904091,40.16818435,-8.872618285,27.73851243,-9.759880114,7.767223279,-10.29223721,-6.516871553
102,1.780235837,-6.767525536,31.8387044,-7.347599153,34.56773621,-8.507746388,40.02579982,-9.667893623,27.7643746,-10.63468299,7.792835885,-11.2147566,-6.491656172
103,1.79768913,-7.322156819,31.71574561,-7.949770261,34.43423809,-9.204997144,39.87122305,-10.46022403,27.78794167,-11.50624643,7.815692461,-12.13385987,-6.469493578
104,1.815142422,-7.874557702,31.58312589,-8.54951979,34.29025097,-9.899443968,39.70450112,-11.24936815,27.80923195,-12.37430496,7.835816874,-13.04926705,-6.45035624
105,1.832595715,-8.424559918,31.44088565,-9.146665054,34.1358187,-10.59087533,39.52568481,-12.0350856,27.82826632,-13.23859416,7.85323611,-13.96069929,-6.434213157
106,1.850049007,-8.971995932,31.2890682,-9.741024155,33.97098833,-11.2790806,39.3348286,-12.81713705,27.8450682,-14.09885075,7.86798023,-14.86787897,-6.421029919
107,1.8675023,-9.516698989,31.12771981,-10.33241604,33.79581008,-11.96385016,39.13199061,-13.59528427,27.85966354,-14.9548127,7.880082312,-15.77052975,-6.41076876
108,1.884955592,-10.05850317,30.95688961,-10.92066058,33.61033729,-12.64497541,38.91723265,-14.36929024,27.87208071,-15.80621926,7.8895784,-16.66837668,-6.403388623
109,1.902408885,-10.59724343,30.77662964,-11.50557858,33.41462646,-13.32224888,38.69062011,-15.13891918,27.88235053,-16.6528111,7.896507442,-17.56114625,-6.398845228
110,1.919862177,-11.13275567,30.58699481,-12.08699187,33.20873722,-13.99546426,38.45222204,-15.90393666,27.89050613,-17.49433033,7.900911228,-18.44856653,-6.397091137
111,1.93731547,-11.66487676,30.38804288,-12.66472334,32.99273227,-14.6644165,38.20211105,-16.66410965,27.89658297,-18.33052062,7.902834324,-19.3303672,-6.398075833
112,1.954768762,-12.19344462,30.17983447,-13.23859701,32.76667742,-15.3289018,37.94036333,-17.41920659,27.90061876,-19.16112725,7.902324002,-20.20627965,-6.401745795
113,1.972222055,-12.71829823,29.96243298,-13.80843808,32.53064152,-15.98871778,37.6670586,-18.16899747,27.90265338,-19.98589722,7.899430166,-21.07603707,-6.40804458
114,1.989675347,-13.23927773,29.73590465,-14.37407297,32.28469647,-16.64366343,37.38228013,-18.9132539,27.90272884,-20.80457929,7.894205281,-21.93937453,-6.416912908
115,2.00712864,-13.75622442,29.50031847,-14.93532937,32.02891719,-17.29353927,37.08611465,-19.65174917,27.90088921,-21.61692409,7.886704287,-22.79602904,-6.428288749
116,2.024581932,-14.26898083,29.25574621,-15.49203633,31.7633816,-17.93814733,36.77865237,-20.38425833,27.89718055,-22.42268416,7.876984523,-23.64573966,-6.442107413
117,2.042035225,-14.77739077,29.00226236,-16.04402426,31.48817056,-18.57729125,36.45998697,-21.11055824,27.89165084,-23.22161406,7.865105641,-24.48824756,-6.458301648
118,2.059488517,-15.28129937,28.73994415,-16.59112503,31.20336793,-19.21077635,36.1302155,-21.83042767,27.88434991,-24.01347044,7.851129517,-25.3232961,-6.476801733
119,2.07694181,-15.78055314,28.46887147,-17.13317198,30.90906045,-19.83840966,35.78943842,-22.54364734,27.87532937,-24.79801208,7.835120163,-26.15063092,-6.497535582
120,2.094395102,-16.275,28.18912689,-17.67,30.60533777,-20.46,35.43775952,-23.25,27.86464253,-25.575,7.817143635,-26.97,-6.520428846
121,2.111848395,-16.76448934,27.90079564,-18.20144557,30.29229241,-21.07535803,35.07528594,-23.94927048,27.85234431,-26.34419753,7.797267936,-27.78115376,-6.545405014
122,2.129301687,-17.24887205,27.60396553,-18.7273468,29.97001972,-21.68429629,34.70212809,-24.64124579,27.8384912,-27.10537037,7.775562922,-28.58384511,-6.572385528
123,2.14675498,-17.72800059,27.29872699,-19.2475435,29.63861787,-22.28662931,34.31839964,-25.32571513,27.82314113,-27.85828664,7.7521002,-29.37782955,-6.60128989
124,2.164208272,-18.20172901,26.98517299,-19.76187721,29.29818781,-22.88217361,33.92421747,-26.00247001,27.80635342,-28.60271701,7.726953031,-30.16286521,-6.632035773
125,2.181661565,-18.669913,26.66339904,-20.27019126,28.94883325,-23.47074778,33.51970165,-26.67130429,27.78818866,-29.33843472,7.700196221,-30.93871298,-6.664539139
126,2.199114858,-19.13240996,26.33350317,-20.77233082,28.59066058,-24.05217252,33.10497541,-27.33201423,27.76870869,-30.06521565,7.671906025,-31.70513651,-6.698714352
127,2.21656815,-19.589079,25.99558585,-21.26814292,28.22377893,-24.62627075,32.68016507,-27.98439858,27.74797642,-30.78283843,7.642160031,-32.46190235,-6.734474301
128,2.234021443,-20.03978102,25.64975003,-21.75747654,27.84830003,-25.19286757,32.24540004,-28.6282586,27.72605584,-31.49108446,7.611037061,-33.20877998,-6.771730515
129,2.251474735,-20.48437873,25.29610105,-22.24018262,27.46433828,-25.7517904,31.80081274,-29.26339818,27.70301185,-32.189738,7.578617057,-33.94554189,-6.810393287
130,2.268928028,-20.9227367,24.93474662,-22.71611413,27.07201062,-26.30286899,31.34653861,-29.88962385,27.67891021,-32.87858624,7.544980971,-34.67196367,-6.850371798
131,2.28638132,-21.35472139,24.56579684,-23.18512608,26.67143657,-26.84593547,30.88271602,-30.50674485,27.65381745,-33.55741933,7.510210656,-35.38782402,-6.891574238
132,2.303834613,-21.78020124,24.18936407,-23.64707563,26.26273813,-27.38082441,30.40948626,-31.1145732,27.62780075,-34.22603052,7.474388753,-36.09290491,-6.933907934
133,2.321287905,-22.19904662,23.80556299,-24.10182204,25.84603982,-27.90737289,29.92699347,-31.71292374,27.60092787,-34.88421612,7.437598577,-36.78699154,-6.977279472
134,2.338741198,-22.61112996,23.4145105,-24.54922681,25.42146854,-28.42542052,29.43538463,-32.30161423,27.57326706,-35.53177565,7.399924004,-37.4698725,-7.021594827
135,2.35619449,-23.01632573,23.01632573,-24.98915365,24.98915365,-28.93480949,28.93480949,-32.88046533,27.54488695,-36.16851186,7.361449356,-38.14133978,-7.066759491
136,2.373647783,-23.4145105,22.61112996,-25.42146854,24.54922681,-29.43538463,28.42542052,-33.44930072,27.51585645,-36.79423079,7.322259291,-38.80118883,-7.112678596
137,2.391101075,-23.80556299,22.19904662,-25.84603982,24.10182204,-29.92699347,27.90737289,-34.00794713,27.4862447,-37.40874184,7.282438682,-39.44921867,-7.159257045
138,2.408554368,-24.18936407,21.78020124,-26.26273813,23.64707563,-30.40948626,27.38082441,-34.55623438,27.45612091,-38.01185782,7.242072505,-40,-7.206399638
139,2.42600766,-24.56579684,21.35472139,-26.67143657,23.18512608,-30.88271602,26.84593547,-35.09399548,27.42555432,-38.60339503,7.201245726,-40,-7.254011202
140,2.443460953,-24.93474662,20.9227367,-27.07201062,22.71611413,-31.34653861,26.30286899,-35.62106661,27.39461408,-39.18317327,7.160043185,-40,-7.301996717
141,2.460914245,-25.29610105,20.48437873,-27.46433828,22.24018262,-31.80081274,25.7517904,-36.13728721,27.36336916,-39.75101593,7.118549482,-40,-7.350261443
142,2.478367538,-25.64975003,20.03978102,-27.84830003,21.75747654,-32.24540004,25.19286757,-36.64250004,27.33188824,-40,7.076848862,-40,-7.398711047
143,2.49582083,-25.99558585,19.589079,-28.22377893,21.26814292,-32.68016507,24.62627075,-37.13655122,27.30023967,-40,7.035025105,-40,-7.447251726
144,2.513274123,-26.33350317,19.13240996,-28.59066058,20.77233082,-33.10497541,24.05217252,-37.61929024,27.26849132,-40,6.993161414,-40,-7.495790338
145,2.530727415,-26.66339904,18.669913,-28.94883325,20.27019126,-33.51970165,23.47074778,-38.09057006,26.67130429,-40,6.9513403,-40,-7.544234519
146,2.548180708,-26.98517299,18.20172901,-29.29818781,19.76187721,-33.92421747,22.88217361,-38.55024712,26.00247001,-40,6.909643474,-40,-7.592492811
147,2.565634,-27.29872699,17.72800059,-29.63861787,19.2475435,-34.31839964,22.28662931,-38.99818141,25.32571513,-40,6.868151741,-40,-7.640474779
148,2.583087293,-27.60396553,17.24887205,-29.97001972,18.7273468,-34.70212809,21.68429629,-39.43423647,24.64124579,-40,6.826944886,-40,-7.688091135
149,2.600540585,-27.90079564,16.76448934,-30.29229241,18.20144557,-35.07528594,21.07535803,-39.85827948,23.94927048,-40,6.786101576,-40,-7.735253853
150,2.617993878,-28.18912689,16.275,-30.60533777,17.67,-35.43775952,20.46,-40,23.25,-40,6.745699246,-40,-7.781876287
151,2.635447171,-28.46887147,15.78055314,-30.90906045,17.13317198,-35.78943842,19.83840966,-40,22.54364734,-40,6.705814006,-40,-7.827873283
152,2.652900463,-28.73994415,15.28129937,-31.20336793,16.59112503,-36.1302155,19.21077635,-40,21.83042767,-40,6.666520533,-40,-7.873161295
153,2.670353756,-29.00226236,14.77739077,-31.48817056,16.04402426,-36.45998697,18.57729125,-40,21.11055824,-40,6.627891973,-40,-7.917658494
154,2.687807048,-29.25574621,14.26898083,-31.7633816,15.49203633,-36.77865237,17.93814733,-40,20.38425833,-40,6.58999985,-40,-7.961284874
155,2.705260341,-29.50031847,13.75622442,-32.02891719,14.93532937,-37.08611465,17.29353927,-40,19.65174917,-40,6.552913963,-40,-8.003962359
156,2.722713633,-29.73590465,13.23927773,-32.28469647,14.37407297,-37.38228013,16.64366343,-40,18.9132539,-40,6.516702299,-40,-8.045614905
157,2.740166926,-29.96243298,12.71829823,-32.53064152,13.80843808,-37.6670586,15.98871778,-40,18.16899747,-40,6.481430944,-40,-8.086168602
158,2.757620218,-30.17983447,12.19344462,-32.76667742,13.23859701,-37.94036333,15.3289018,-40,17.41920659,-40,6.44716399,-40,-8.125551767
159,2.775073511,-30.38804288,11.66487676,-32.99273227,12.66472334,-38.20211105,14.6644165,-40,16.66410965,-40,6.413963458,-40,-8.163695041
160,2.792526803,-30.58699481,11.13275567,-33.20873722,12.08699187,-38.45222204,13.99546426,-40,15.90393666,-40,6.381889211,-40,-8.200531481
161,2.809980096,-30.77662964,10.59724343,-33.41462646,11.50557858,-38.69062011,13.32224888,-40,15.13891918,-40,6.350998876,-40,-8.235996645
162,2.827433388,-30.95688961,10.05850317,-33.61033729,10.92066058,-38.91723265,12.64497541,-40,14.36929024,-40,6.321347769,-40,-8.270028679
163,2.844886681,-31.12771981,9.516698989,-33.79581008,10.33241604,-39.13199061,11.96385016,-40,13.59528427,-40,6.292988825,-40,-8.302568395
164,2.862339973,-31.2890682,8.971995932,-33.97098833,9.741024155,-39.3348286,11.2790806,-40,12.81713705,-40,6.265972521,-40,-8.333559351
165,2.879793266,-31.44088565,8.424559918,-34.1358187,9.146665054,-39.52568481,10.59087533,-40,12.0350856,-40,6.240346817,-40,-8.362947927
166,2.897246558,-31.58312589,7.874557702,-34.29025097,8.54951979,-39.70450112,9.899443968,-40,11.24936815,-40,6.21615709,-40,-8.390683387
167,2.914699851,-31.71574561,7.322156819,-34.43423809,7.949770261,-39.87122305,9.204997144,-40,10.46022403,-40,6.193446073,-40,-8.416717956
168,2.932153143,-31.8387044,6.767525536,-34.56773621,7.347599153,-40,8.507746388,-40,9.667893623,-40,6.172253802,-40,-8.441006875
169,2.949606436,-31.95196482,6.2108328,-34.69070466,6.743189897,-40,7.807904091,-40,8.872618285,-40,6.152617561,-40,-8.46350846
170,2.967059728,-32.05549236,5.652248183,-34.80310599,6.136726599,-40,7.10568343,-40,8.074640262,-40,6.134571833,-40,-8.484184161
171,2.984513021,-32.14925549,5.091941837,-34.90490596,5.528393995,-40,6.401298309,-40,7.274202624,-40,6.118148259,-40,-8.502998608
172,3.001966313,-32.23322564,4.530084436,-34.99607355,4.918377388,-40,5.694963291,-40,6.471549195,-40,6.103375589,-40,-8.51991966
173,3.019419606,-32.30737724,3.966847128,-35.076581,4.306862596,-40,4.986893532,-40,5.666924468,-40,6.090279652,-40,-8.534918444
174,3.036872898,-32.37168769,3.402401479,-35.14640378,3.694035892,-40,4.277304717,-40,4.860573542,-40,5.346630896,-40,-8.547969395
175,3.054326191,-32.42613742,2.836919426,-35.20552063,3.080083949,-40,3.566412993,-40,4.052742038,-40,4.458016242,-40,-8.559050291
176,3.071779484,-32.47070984,2.27057322,-35.25391354,2.465193782,-40,2.854434906,-40,3.243676029,-40,3.568043632,-40,-8.568142275
177,3.089232776,-32.50539136,1.703535376,-35.29156776,1.849552694,-40,2.141587329,-40,2.433621965,-40,2.676984162,-40,-8.57522989
178,3.106686069,-32.53017142,1.135978618,-35.31847183,1.233348213,-40,1.428087405,-40,1.622826597,-40,1.785109256,-40,-8.580301089
179,3.124139361,-32.54504248,0.56807583,-35.33461755,0.616768043,-40,0.714152471,-40,0.811536899,-40,0.892690589,-40,-8.583347258
180,3.141592654,-32.55,3.99E-15,-35.34,4.33E-15,-40,5.01E-15,-40,5.70E-15,-40,6.27E-15,-40,-8.584363222
181,3.159045946,-32.54504248,-0.56807583,-35.33461755,-0.616768043,-40,-0.714152471,-40,-0.811536899,-40,-0.892690589,-40,-8.583347258
182,3.176499239,-32.53017142,-1.135978618,-35.31847183,-1.233348213,-40,-1.428087405,-40,-1.622826597,-40,-1.785109256,-40,-8.580301089
183,3.193952531,-32.50539136,-1.703535376,-35.29156776,-1.849552694,-40,-2.141587329,-40,-2.433621965,-40,-2.676984162,-40,-8.57522989
184,3.211405824,-32.47070984,-2.27057322,-35.25391354,-2.465193782,-40,-2.854434906,-40,-3.243676029,-40,-3.568043632,-40,-8.568142275
185,3.228859116,-32.42613742,-2.836919426,-35.20552063,-3.080083949,-40,-3.566412993,-40,-4.052742038,-40,-4.458016242,-40,-8.559050291
186,3.246312409,-32.37168769,-3.402401479,-35.14640378,-3.694035892,-40,-4.277304717,-40,-4.860573542,-40,-5.346630896,-40,-8.547969395
187,3.263765701,-32.30737724,-3.966847128,-35.076581,-4.306862596,-40,-4.986893532,-40,-5.666924468,-40,-6.233616915,-40,-8.534918444
188,3.281218994,-32.23322564,-4.530084436,-34.99607355,-4.918377388,-40,-5.694963291,-40,-6.471549195,-40,-7.118704114,-40,-8.51991966
189,3.298672286,-32.14925549,-5.091941837,-34.90490596,-5.528393995,-40,-6.401298309,-40,-7.274202624,-40,-8.001622887,-40,-8.502998608
190,3.316125579,-32.05549236,-5.652248183,-34.80310599,-6.136726599,-40,-7.10568343,-40,-8.074640262,-40,-8.882104288,-40,-9.366582703
191,3.333578871,-31.95196482,-6.2108328,-34.69070466,-6.743189897,-40,-7.807904091,-40,-8.872618285,-40,-9.759880114,-40,-10.29223721
192,3.351032164,-31.8387044,-6.767525536,-34.56773621,-7.347599153,-40,-8.507746388,-40,-9.667893623,-40,-10.63468299,-40,-11.2147566
193,3.368485456,-31.71574561,-7.322156819,-34.43423809,-7.949770261,-39.87122305,-9.204997144,-40,-10.46022403,-40,-11.50624643,-40,-12.13385987
194,3.385938749,-31.58312589,-7.874557702,-34.29025097,-8.54951979,-39.70450112,-9.899443968,-40,-11.24936815,-40,-12.37430496,-40,-13.04926705
195,3.403392041,-31.44088565,-8.424559918,-34.1358187,-9.146665054,-39.52568481,-10.59087533,-40,-12.0350856,-40,-13.23859416,-40,-13.96069929
196,3.420845334,-31.2890682,-8.971995932,-33.97098833,-9.741024155,-39.3348286,-11.2790806,-40,-12.81713705,-40,-14.09885075,-40,-14.86787897
197,3.438298626,-31.12771981,-9.516698989,-33.79581008,-10.33241604,-39.13199061,-11.96385016,-40,-13.59528427,-40,-14.9548127,-40,-15.77052975
198,3.455751919,-30.95688961,-10.05850317,-33.61033729,-10.92066058,-38.91723265,-12.64497541,-40,-14.36929024,-40,-15.80621926,-40,-16.66837668
199,3.473205211,-30.77662964,-10.59724343,-33.41462646,-11.50557858,-38.69062011,-13.32224888,-40,-15.13891918,-40,-16.6528111,-40,-17.56114625
200,3.490658504,-30.58699481,-11.13275567,-33.20873722,-12.08699187,-38.45222204,-13.99546426,-40,-15.90393666,-40,-17.49433033,-40,-18.44856653
201,3.508111797,-30.38804288,-11.66487676,-32.99273227,-12.66472334,-38.20211105,-14.6644165,-40,-16.66410965,-40,-18.33052062,-40,-19.3303672
202,3.525565089,-30.17983447,-12.19344462,-32.76667742,-13.23859701,-37.94036333,-15.3289018,-40,-17.41920659,-40,-19.16112725,-40,-20.20627965
203,3.543018382,-29.96243298,-12.71829823,-32.53064152,-13.80843808,-37.6670586,-15.98871778,-40,-18.16899747,-40,-19.98589722,-40,-21.07603707
204,3.560471674,-29.73590465,-13.23927773,-32.28469647,-14.37407297,-37.38228013,-16.64366343,-40,-18.9132539,-40,-20.80457929,-40,-21.93937453
205,3.577924967,-29.50031847,-13.75622442,-32.02891719,-14.93532937,-37.08611465,-17.29353927,-40,-19.65174917,-40,-21.61692409,-40,-22.79602904
206,3.595378259,-29.25574621,-14.26898083,-31.7633816,-15.49203633,-36.77865237,-17.93814733,-40,-20.38425833,-40,-22.42268416,-40,-23.64573966
207,3.612831552,-29.00226236,-14.77739077,-31.48817056,-16.04402426,-36.45998697,-18.57729125,-40,-21.11055824,-40,-23.22161406,-40,-24.48824756
208,3.630284844,-28.73994415,-15.28129937,-31.20336793,-16.59112503,-36.1302155,-19.21077635,-40,-21.83042767,-40,-24.01347044,-40,-25.3232961
209,3.647738137,-28.46887147,-15.78055314,-30.90906045,-17.13317198,-35.78943842,-19.83840966,-40,-22.54364734,-40,-24.79801208,-40,-26.15063092
210,3.665191429,-28.18912689,-16.275,-30.60533777,-17.67,-35.43775952,-20.46,-40,-23.25,-40,-25.575,-40,-26.97
211,3.682644722,-27.90079564,-16.76448934,-30.29229241,-18.20144557,-35.07528594,-21.07535803,-39.85827948,-23.94927048,-40,-26.34419753,-40,-27.78115376
212,3.700098014,-27.60396553,-17.24887205,-29.97001972,-18.7273468,-34.70212809,-21.68429629,-39.43423647,-24.64124579,-40,-27.10537037,-40,-28.58384511
213,3.717551307,-27.29872699,-17.72800059,-29.63861787,-19.2475435,-34.31839964,-22.28662931,-38.99818141,-25.32571513,-40,-27.85828664,-40,-29.37782955
214,3.735004599,-26.98517299,-18.20172901,-29.29818781,-19.76187721,-33.92421747,-22.88217361,-38.55024712,-26.00247001,-40,-28.60271701,-40,-30.16286521
215,3.752457892,-26.66339904,-18.669913,-28.94883325,-20.27019126,-33.51970165,-23.47074778,-38.09057006,-26.67130429,-40,-29.33843472,-40,-30.93871298
216,3.769911184,-26.33350317,-19.13240996,-28.59066058,-20.77233082,-33.10497541,-24.05217252,-37.61929024,-27.33201423,-40,-30.06521565,-40,-31.70513651
217,3.787364477,-25.99558585,-19.589079,-28.22377893,-21.26814292,-32.68016507,-24.62627075,-37.13655122,-27.98439858,-40,-30.78283843,-40,-32.46190235
218,3.804817769,-25.64975003,-20.03978102,-27.84830003,-21.75747654,-32.24540004,-25.19286757,-36.64250004,-28.6282586,-40,-31.49108446,-40,-33.20877998
219,3.822271062,-25.29610105,-20.48437873,-27.46433828,-22.24018262,-31.80081274,-25.7517904,-36.13728721,-29.26339818,-39.75101593,-32.189738,-40,-33.94554189
220,3.839724354,-24.93474662,-20.9227367,-27.07201062,-22.71611413,-31.34653861,-26.30286899,-35.62106661,-29.88962385,-39.18317327,-32.87858624,-40,-34.67196367
221,3.857177647,-24.56579684,-21.35472139,-26.67143657,-23.18512608,-30.88271602,-26.84593547,-35.09399548,-30.50674485,-38.60339503,-33.55741933,-40,-35.38782402
222,3.874630939,-24.18936407,-21.78020124,-26.26273813,-23.64707563,-30.40948626,-27.38082441,-34.55623438,-31.1145732,-38.01185782,-34.22603052,-40,-36.09290491
223,3.892084232,-23.80556299,-22.19904662,-25.84603982,-24.10182204,-29.92699347,-27.90737289,-34.00794713,-31.71292374,-37.40874184,-34.88421612,-39.44921867,-36.78699154
224,3.909537524,-23.4145105,-22.61112996,-25.42146854,-24.54922681,-29.43538463,-28.42542052,-33.44930072,-32.30161423,-36.79423079,-35.53177565,-38.80118883,-37.4698725
225,3.926990817,-23.01632573,-23.01632573,-24.98915365,-24.98915365,-28.93480949,-28.93480949,-32.88046533,-32.88046533,-36.16851186,-36.16851186,-38.14133978,-38.14133978
226,3.94444411,-22.61112996,-23.4145105,-24.54922681,-25.42146854,-28.42542052,-29.43538463,-32.30161423,-33.44930072,-35.53177565,-36.79423079,-37.4698725,-38.80118883
227,3.961897402,-22.19904662,-23.80556299,-24.10182204,-25.84603982,-27.90737289,-29.92699347,-31.71292374,-34.00794713,-34.88421612,-37.40874184,-36.78699154,-39.44921867
228,3.979350695,-21.78020124,-24.18936407,-23.64707563,-26.26273813,-27.38082441,-30.40948626,-31.1145732,-34.55623438,-34.22603052,-38.01185782,-36.09290491,-40.08523189
229,3.996803987,-21.35472139,-24.56579684,-23.18512608,-26.67143657,-26.84593547,-30.88271602,-30.50674485,-35.09399548,-33.55741933,-38.60339503,-35.38782402,-40.70903476
230,4.01425728,-20.9227367,-24.93474662,-22.71611413,-27.07201062,-26.30286899,-31.34653861,-29.88962385,-35.62106661,-32.87858624,-39.18317327,-34.67196367,-41.32043726
231,4.031710572,-20.48437873,-25.29610105,-22.24018262,-27.46433828,-25.7517904,-31.80081274,-29.26339818,-36.13728721,-32.189738,-39.75101593,-33.94554189,-41.91925316
232,4.049163865,-20.03978102,-25.64975003,-21.75747654,-27.84830003,-25.19286757,-32.24540004,-28.6282586,-36.64250004,-31.49108446,-40.30675005,-33.20877998,-42.50530005
233,4.066617157,-19.589079,-25.99558585,-21.26814292,-28.22377893,-24.62627075,-32.68016507,-27.98439858,-37.13655122,-30.78283843,-40.85020634,-32.46190235,-43.07839941
234,4.08407045,-19.13240996,-26.33350317,-20.77233082,-28.59066058,-24.05217252,-33.10497541,-27.33201423,-37.61929024,-30.06521565,-41.38121926,-31.70513651,-43.63837668
235,4.101523742,-18.669913,-26.66339904,-20.27019126,-28.94883325,-23.47074778,-33.51970165,-26.67130429,-38.09057006,-29.33843472,-41.89962707,-30.93871298,-44.18506127
236,4.118977035,-18.20172901,-26.98517299,-19.76187721,-29.29818781,-22.88217361,-33.92421747,-26.00247001,-38.55024712,-28.60271701,-42.40527184,-30.16286521,-44.71828666
237,4.136430327,-17.72800059,-27.29872699,-19.2475435,-29.63861787,-22.28662931,-34.31839964,-25.32571513,-38.99818141,-27.85828664,-42.89799955,-29.37782955,-45.23789043
238,4.15388362,-17.24887205,-27.60396553,-18.7273468,-29.97001972,-21.68429629,-34.70212809,-24.64124579,-39.43423647,-27.10537037,-43.37766012,-28.58384511,-45.74371431
239,4.171336912,-16.76448934,-27.90079564,-18.20144557,-30.29229241,-21.07535803,-35.07528594,-23.94927048,-39.85827948,-26.34419753,-43.84410743,-27.78115376,-46.2356042
240,4.188790205,-16.275,-28.18912689,-17.67,-30.60533777,-20.46,-35.43775952,-23.25,-40.27018128,-25.575,-44.2971994,-26.97,-46.71341028
241,4.206243497,-15.78055314,-28.46887147,-17.13317198,-30.90906045,-19.83840966,-35.78943842,-22.54364734,-40.66981638,-24.79801208,-44.73679802,-26.15063092,-47.176987
242,4.22369679,-15.28129937,-28.73994415,-16.59112503,-31.20336793,-19.21077635,-36.1302155,-21.83042767,-41.05706307,-24.01347044,-45.16276937,-25.3232961,-47.62619316
243,4.241150082,-14.77739077,-29.00226236,-16.04402426,-31.48817056,-18.57729125,-36.45998697,-21.11055824,-41.43180337,-23.22161406,-45.57498371,-24.48824756,-48.06089191
244,4.258603375,-14.26898083,-29.25574621,-15.49203633,-31.7633816,-17.93814733,-36.77865237,-20.38425833,-41.79392315,-22.42268416,-45.97331547,-23.64573966,-48.48095086
245,4.276056667,-13.75622442,-29.50031847,-14.93532937,-32.02891719,-17.29353927,-37.08611465,-19.65174917,-42.1433121,-21.61692409,-46.35764331,-22.79602904,-48.88624203
246,4.29350996,-13.23927773,-29.73590465,-14.37407297,-32.28469647,-16.64366343,-37.38228013,-18.9132539,-42.47986378,-20.80457929,-46.72785016,-21.93937453,-49.27664199
247,4.310963252,-12.71829823,-29.96243298,-13.80843808,-32.53064152,-15.98871778,-37.6670586,-18.16899747,-42.80347569,-19.98589722,-47.08382325,-21.07603707,-49.6520318
248,4.328416545,-12.19344462,-30.17983447,-13.23859701,-32.76667742,-15.3289018,-37.94036333,-17.41920659,-43.11404924,-19.16112725,-47.42545416,-20.20627965,-50.01229712
249,4.345869837,-11.66487676,-30.38804288,-12.66472334,-32.99273227,-14.6644165,-38.20211105,-16.66410965,-43.41148983,-18.33052062,-47.75263882,-19.3303672,-50.35732821
250,4.36332313,-11.13275567,-30.58699481,-12.08699187,-33.20873722,-13.99546426,-38.45222204,-15.90393666,-43.69570687,-17.49433033,-48.06527755,-18.44856653,-50.68701997
251,4.380776423,-10.59724343,-30.77662964,-11.50557858,-33.41462646,-13.32224888,-38.69062011,-15.13891918,-43.96661377,-16.6528111,-48.36327514,-17.56114625,-51.00127197
252,4.398229715,-10.05850317,-30.95688961,-10.92066058,-33.61033729,-12.64497541,-38.91723265,-14.36929024,-44.22412801,-15.80621926,-48.64654081,-16.66837668,-51.29998849
253,4.415683008,-9.516698989,-31.12771981,-10.33241604,-33.79581008,-11.96385016,-39.13199061,-13.59528427,-44.46817115,-14.9548127,-48.91498827,-15.77052975,-51.58307854
254,4.4331363,-8.971995932,-31.2890682,-9.741024155,-33.97098833,-11.2790806,-39.3348286,-12.81713705,-44.69866886,-14.09885075,-49.16853575,-14.86787897,-51.85045588
255,4.450589593,-8.424559918,-31.44088565,-9.146665054,-34.1358187,-10.59087533,-39.52568481,-12.0350856,-44.91555092,-13.23859416,-49.40710601,-13.96069929,-52.10203907
256,4.468042885,-7.874557702,-31.58312589,-8.54951979,-34.29025097,-9.899443968,-39.70450112,-11.24936815,-45.11875127,-12.37430496,-49.6306264,-13.04926705,-52.33775148
257,4.485496178,-7.322156819,-31.71574561,-7.949770261,-34.43423809,-9.204997144,-39.87122305,-10.46022403,-45.30820801,-11.50624643,-49.83902881,-12.13385987,-52.55752129
258,4.50294947,-6.767525536,-31.8387044,-7.347599153,-34.56773621,-8.507746388,-40.02579982,-9.667893623,-45.48386343,-10.63468299,-50.03224978,-11.2147566,-52.76128158
259,4.520402763,-6.2108328,-31.95196482,-6.743189897,-34.69070466,-7.807904091,-40.16818435,-8.872618285,-45.64566403,-9.759880114,-50.21023043,-10.29223721,-52.94897028
260,4.537856055,-5.652248183,-32.05549236,-6.136726599,-34.80310599,-7.10568343,-40.29833325,-8.074640262,-45.79356052,-8.882104288,-50.37291657,-9.366582703,-53.1205302
261,4.555309348,-5.091941837,-32.14925549,-5.528393995,-34.90490596,-6.401298309,-40.4162069,-7.274202624,-45.92750784,-8.001622887,-50.52025862,-8.438075044,-53.27590909
262,4.57276264,-4.530084436,-32.23322564,-4.918377388,-34.99607355,-5.694963291,-40.52176937,-6.471549195,-46.0474652,-7.118704114,-50.65221172,-7.506997066,-53.41505963
263,4.590215933,-3.966847128,-32.30737724,-4.306862596,-35.076581,-4.986893532,-40.61498853,-5.666924468,-46.15339605,-6.233616915,-50.76873566,-6.573632383,-53.53793942
264,4.607669225,-3.402401479,-32.37168769,-3.694035892,-35.14640378,-4.277304717,-40.69583596,-4.860573542,-46.24526813,-5.346630896,-50.86979495,-5.638265309,-53.64451104
265,4.625122518,-2.836919426,-32.42613742,-3.080083949,-35.20552063,-3.566412993,-40.76428705,-4.052742038,-46.32305346,-4.458016242,-50.95535881,-4.701180764,-53.73474202
266,4.64257581,-2.27057322,-32.47070984,-2.465193782,-35.25391354,-2.854434906,-40.82032094,-3.243676029,-46.38672834,-3.568043632,-51.02540117,-3.762664194,-53.80860487
267,4.660029103,-1.703535376,-32.50539136,-1.849552694,-35.29156776,-2.141587329,-40.86392056,-2.433621965,-46.43627337,-2.676984162,-51.0799007,-2.82300148,-53.8660771
268,4.677482395,-1.135978618,-32.53017142,-1.233348213,-35.31847183,-1.428087405,-40.89507264,-1.622826597,-46.47167346,-1.785109256,-51.1188408,-1.882478852,-53.90714121
269,4.694935688,-0.56807583,-32.54504248,-0.616768043,-35.33461755,-0.714152471,-40.91376769,-0.811536899,-46.49291782,-0.892690589,-51.14220961,-0.941382803,-53.93178468
270,4.71238898,-5.98E-15,-32.55,-6.49E-15,-35.34,-7.52E-15,-40.92,-8.55E-15,-46.5,-9.40E-15,-51.15,-9.91E-15,-53.94
271,4.729842273,0.56807583,-32.54504248,0.616768043,-35.33461755,0.714152471,-40.91376769,0.811536899,-46.49291782,0.892690589,-51.14220961,0.941382803,-53.93178468
272,4.747295565,1.135978618,-32.53017142,1.233348213,-35.31847183,1.428087405,-40.89507264,1.622826597,-46.47167346,1.785109256,-51.1188408,1.882478852,-53.90714121
273,4.764748858,1.703535376,-32.50539136,1.849552694,-35.29156776,2.141587329,-40.86392056,2.433621965,-46.43627337,2.676984162,-51.0799007,2.82300148,-53.8660771
274,4.78220215,2.27057322,-32.47070984,2.465193782,-35.25391354,2.854434906,-40.82032094,3.243676029,-46.38672834,3.568043632,-51.02540117,3.762664194,-53.80860487
275,4.799655443,2.836919426,-32.42613742,3.080083949,-35.20552063,3.566412993,-40.76428705,4.052742038,-46.32305346,4.458016242,-50.95535881,4.701180764,-53.73474202
276,4.817108736,3.402401479,-32.37168769,3.694035892,-35.14640378,4.277304717,-40.69583596,4.860573542,-46.24526813,5.346630896,-50.86979495,5.638265309,-53.64451104
277,4.834562028,3.966847128,-32.30737724,4.306862596,-35.076581,4.986893532,-40.61498853,5.666924468,-46.15339605,6.233616915,-50.76873566,6.573632383,-53.53793942
278,4.852015321,4.530084436,-32.23322564,4.918377388,-34.99607355,5.694963291,-40.52176937,6.471549195,-46.0474652,7.118704114,-50.65221172,7.506997066,-53.41505963
279,4.869468613,5.091941837,-32.14925549,5.528393995,-34.90490596,6.401298309,-40.4162069,7.274202624,-45.92750784,8.001622887,-50.52025862,8.438075044,-53.27590909
280,4.886921906,5.652248183,-32.05549236,6.136726599,-34.80310599,7.10568343,-40.29833325,8.074640262,-45.79356052,8.882104288,-50.37291657,9.366582703,-53.1205302
281,4.904375198,6.2108328,-31.95196482,6.743189897,-34.69070466,7.807904091,-40.16818435,8.872618285,-45.64566403,9.759880114,-50.21023043,10.29223721,-52.94897028
282,4.921828491,6.767525536,-31.8387044,7.347599153,-34.56773621,8.507746388,-40.02579982,9.667893623,-45.48386343,10.63468299,-50.03224978,11.2147566,-52.76128158
283,4.939281783,7.322156819,-31.71574561,7.949770261,-34.43423809,9.204997144,-39.87122305,10.46022403,-45.30820801,11.50624643,-49.83902881,12.13385987,-52.55752129
284,4.956735076,7.874557702,-31.58312589,8.54951979,-34.29025097,9.899443968,-39.70450112,11.24936815,-45.11875127,12.37430496,-49.6306264,13.04926705,-52.33775148
285,4.974188368,8.424559918,-31.44088565,9.146665054,-34.1358187,10.59087533,-39.52568481,12.0350856,-44.91555092,13.23859416,-49.40710601,13.96069929,-52.10203907
286,4.991641661,8.971995932,-31.2890682,9.741024155,-33.97098833,11.2790806,-39.3348286,12.81713705,-44.69866886,14.09885075,-49.16853575,14.86787897,-51.85045588
287,5.009094953,9.516698989,-31.12771981,10.33241604,-33.79581008,11.96385016,-39.13199061,13.59528427,-44.46817115,14.9548127,-48.91498827,15.77052975,-51.58307854
288,5.026548246,10.05850317,-30.95688961,10.92066058,-33.61033729,12.64497541,-38.91723265,14.36929024,-44.22412801,15.80621926,-48.64654081,16.66837668,-51.29998849
289,5.044001538,10.59724343,-30.77662964,11.50557858,-33.41462646,13.32224888,-38.69062011,15.13891918,-43.96661377,16.6528111,-48.36327514,17.56114625,-51.00127197
290,5.061454831,11.13275567,-30.58699481,12.08699187,-33.20873722,13.99546426,-38.45222204,15.90393666,-43.69570687,17.49433033,-48.06527755,18.44856653,-50.68701997
291,5.078908123,11.66487676,-30.38804288,12.66472334,-32.99273227,14.6644165,-38.20211105,16.66410965,-43.41148983,18.33052062,-47.75263882,19.3303672,-50.35732821
292,5.096361416,12.19344462,-30.17983447,13.23859701,-32.76667742,15.3289018,-37.94036333,17.41920659,-43.11404924,19.16112725,-47.42545416,20.20627965,-50.01229712
293,5.113814708,12.71829823,-29.96243298,13.80843808,-32.53064152,15.98871778,-37.6670586,18.16899747,-42.80347569,19.98589722,-47.08382325,21.07603707,-49.6520318
294,5.131268001,13.23927773,-29.73590465,14.37407297,-32.28469647,16.64366343,-37.38228013,18.9132539,-42.47986378,20.80457929,-46.72785016,21.93937453,-49.27664199
295,5.148721293,13.75622442,-29.50031847,14.93532937,-32.02891719,17.29353927,-37.08611465,19.65174917,-42.1433121,21.61692409,-46.35764331,22.79602904,-48.88624203
296,5.166174586,14.26898083,-29.25574621,15.49203633,-31.7633816,17.93814733,-36.77865237,20.38425833,-41.79392315,22.42268416,-45.97331547,23.64573966,-48.48095086
297,5.183627878,14.77739077,-29.00226236,16.04402426,-31.48817056,18.57729125,-36.45998697,21.11055824,-41.43180337,23.22161406,-45.57498371,24.48824756,-48.06089191
298,5.201081171,15.28129937,-28.73994415,16.59112503,-31.20336793,19.21077635,-36.1302155,21.83042767,-41.05706307,24.01347044,-45.16276937,25.3232961,-47.62619316
299,5.218534463,15.78055314,-28.46887147,17.13317198,-30.90906045,19.83840966,-35.78943842,22.54364734,-40.66981638,24.79801208,-44.73679802,26.15063092,-47.176987
300,5.235987756,16.275,-28.18912689,17.67,-30.60533777,20.46,-35.43775952,23.25,-40.27018128,25.575,-44.2971994,26.97,-46.71341028
301,5.253441049,16.76448934,-27.90079564,18.20144557,-30.29229241,21.07535803,-35.07528594,23.94927048,-39.85827948,26.34419753,-43.84410743,27.78115376,-46.2356042
302,5.270894341,17.24887205,-27.60396553,18.7273468,-29.97001972,21.68429629,-34.70212809,24.64124579,-39.43423647,27.10537037,-43.37766012,28.58384511,-45.74371431
303,5.288347634,17.72800059,-27.29872699,19.2475435,-29.63861787,22.28662931,-34.31839964,25.32571513,-38.99818141,27.85828664,-42.89799955,29.37782955,-45.23789043
304,5.305800926,18.20172901,-26.98517299,19.76187721,-29.29818781,22.88217361,-33.92421747,26.00247001,-38.55024712,28.60271701,-42.40527184,30.16286521,-44.71828666
305,5.323254219,18.669913,-26.66339904,20.27019126,-28.94883325,23.47074778,-33.51970165,26.67130429,-38.09057006,29.33843472,-41.89962707,30.93871298,-44.18506127
306,5.340707511,19.13240996,-26.33350317,20.77233082,-28.59066058,24.05217252,-33.10497541,27.33201423,-37.61929024,30.06521565,-41.38121926,31.70513651,-43.63837668
307,5.358160804,19.589079,-25.99558585,21.26814292,-28.22377893,24.62627075,-32.68016507,27.98439858,-37.13655122,30.78283843,-40.85020634,32.46190235,-43.07839941
308,5.375614096,20.03978102,-25.64975003,21.75747654,-27.84830003,25.19286757,-32.24540004,28.6282586,-36.64250004,31.49108446,-40.30675005,33.20877998,-42.50530005
309,5.393067389,20.48437873,-25.29610105,22.24018262,-27.46433828,25.7517904,-31.80081274,29.26339818,-36.13728721,32.189738,-39.75101593,33.94554189,-41.91925316
310,5.410520681,20.9227367,-24.93474662,22.71611413,-27.07201062,26.30286899,-31.34653861,29.88962385,-35.62106661,32.87858624,-39.18317327,34.67196367,-41.32043726
311,5.427973974,21.35472139,-24.56579684,23.18512608,-26.67143657,26.84593547,-30.88271602,30.50674485,-35.09399548,33.55741933,-38.60339503,35.38782402,-40.70903476
312,5.445427266,21.78020124,-24.18936407,23.64707563,-26.26273813,27.38082441,-30.40948626,31.1145732,-34.55623438,34.22603052,-38.01185782,36.09290491,-40.08523189
313,5.462880559,22.19904662,-23.80556299,24.10182204,-25.84603982,27.90737289,-29.92699347,31.71292374,-34.00794713,34.88421612,-37.40874184,36.78699154,-39.44921867
314,5.480333851,22.61112996,-23.4145105,24.54922681,-25.42146854,28.42542052,-29.43538463,32.30161423,-33.44930072,35.53177565,-36.79423079,37.4698725,-38.80118883
315,5.497787144,23.01632573,-23.01632573,24.98915365,-24.98915365,28.93480949,-28.93480949,32.88046533,-32.88046533,36.16851186,-36.16851186,38.14133978,-38.14133978
316,5.515240436,23.4145105,-22.61112996,25.42146854,-24.54922681,29.43538463,-28.42542052,33.44930072,-32.30161423,36.79423079,-35.53177565,38.80118883,-37.4698725
317,5.532693729,23.80556299,-22.19904662,25.84603982,-24.10182204,29.92699347,-27.90737289,34.00794713,-31.71292374,37.40874184,-34.88421612,39.44921867,-36.78699154
318,5.550147021,24.18936407,-21.78020124,26.26273813,-23.64707563,30.40948626,-27.38082441,34.55623438,-31.1145732,38.01185782,-34.22603052,40.08523189,-36.09290491
319,5.567600314,24.56579684,-21.35472139,26.67143657,-23.18512608,30.88271602,-26.84593547,35.09399548,-30.50674485,38.60339503,-33.55741933,40.70903476,-35.38782402
320,5.585053606,24.93474662,-20.9227367,27.07201062,-22.71611413,31.34653861,-26.30286899,35.62106661,-29.88962385,39.18317327,-32.87858624,41.32043726,-34.67196367
321,5.602506899,25.29610105,-20.48437873,27.46433828,-22.24018262,31.80081274,-25.7517904,36.13728721,-29.26339818,39.75101593,-32.189738,41.91925316,-33.94554189
322,5.619960191,25.64975003,-20.03978102,27.84830003,-21.75747654,32.24540004,-25.19286757,36.64250004,-28.6282586,40.30675005,-31.49108446,42.50530005,-33.20877998
323,5.637413484,25.99558585,-19.589079,28.22377893,-21.26814292,32.68016507,-24.62627075,37.13655122,-27.98439858,40.85020634,-30.78283843,43.07839941,-32.46190235
324,5.654866776,26.33350317,-19.13240996,28.59066058,-20.77233082,33.10497541,-24.05217252,37.61929024,-27.33201423,41.38121926,-30.06521565,43.63837668,-31.70513651
325,5.672320069,26.66339904,-18.669913,28.94883325,-20.27019126,33.51970165,-23.47074778,38.09057006,-26.67130429,41.89962707,-29.33843472,44.18506127,-30.93871298
326,5.689773362,26.98517299,-18.20172901,29.29818781,-19.76187721,33.92421747,-22.88217361,38.55024712,-26.00247001,42.40527184,-28.60271701,44.71828666,-30.16286521
327,5.707226654,27.29872699,-17.72800059,29.63861787,-19.2475435,34.31839964,-22.28662931,38.99818141,-25.32571513,42.89799955,-27.85828664,45.23789043,-29.37782955
328,5.724679947,27.60396553,-17.24887205,29.97001972,-18.7273468,34.70212809,-21.68429629,39.43423647,-24.64124579,43.37766012,-27.10537037,45.74371431,-28.58384511
329,5.742133239,27.90079564,-16.76448934,30.29229241,-18.20144557,35.07528594,-21.07535803,39.85827948,-23.94927048,43.84410743,-26.34419753,46.2356042,-27.78115376
330,5.759586532,28.18912689,-16.275,30.60533777,-17.67,35.43775952,-20.46,40.27018128,-23.25,44.2971994,-25.575,46.5,-26.97
331,5.777039824,28.46887147,-15.78055314,30.90906045,-17.13317198,35.78943842,-19.83840966,40.66981638,-22.54364734,44.73679802,-24.79801208,46.5,-26.15063092
332,5.794493117,28.73994415,-15.28129937,31.20336793,-16.59112503,36.1302155,-19.21077635,41.05706307,-21.83042767,45.16276937,-24.01347044,46.5,-25.3232961
333,5.811946409,29.00226236,-14.77739077,31.48817056,-16.04402426,36.45998697,-18.57729125,41.43180337,-21.11055824,45.57498371,-23.22161406,46.5,-24.48824756
334,5.829399702,29.25574621,-14.26898083,31.7633816,-15.49203633,36.77865237,-17.93814733,41.79392315,-20.38425833,45.97331547,-22.42268416,46.5,-23.64573966
335,5.846852994,29.50031847,-13.75622442,32.02891719,-14.93532937,37.08611465,-17.29353927,42.1433121,-19.65174917,46.35764331,-21.61692409,46.5,-22.79602904
336,5.864306287,29.73590465,-13.23927773,32.28469647,-14.37407297,37.38228013,-16.64366343,42.47986378,-18.9132539,46.5,-20.80457929,46.5,-21.93937453
337,5.881759579,29.96243298,-12.71829823,32.53064152,-13.80843808,37.6670586,-15.98871778,42.80347569,-18.16899747,46.5,-19.98589722,46.5,-21.07603707
338,5.899212872,30.17983447,-12.19344462,32.76667742,-13.23859701,37.94036333,-15.3289018,43.11404924,-17.41920659,46.5,-19.16112725,46.5,-20.20627965
339,5.916666164,30.38804288,-11.66487676,32.99273227,-12.66472334,38.20211105,-14.6644165,43.41148983,-16.66410965,46.5,-18.33052062,46.5,-19.3303672
340,5.934119457,30.58699481,-11.13275567,33.20873722,-12.08699187,38.45222204,-13.99546426,43.69570687,-15.90393666,46.5,-17.49433033,46.5,-18.44856653
341,5.951572749,30.77662964,-10.59724343,33.41462646,-11.50557858,38.69062011,-13.32224888,43.96661377,-15.13891918,46.5,-16.6528111,46.5,-17.56114625
342,5.969026042,30.95688961,-10.05850317,33.61033729,-10.92066058,38.91723265,-12.64497541,44.22412801,-14.36929024,46.5,-15.80621926,46.5,-16.66837668
343,5.986479334,31.12771981,-9.516698989,33.79581008,-10.33241604,39.13199061,-11.96385016,44.46817115,-13.59528427,46.5,-14.9548127,46.5,-15.77052975
344,6.003932627,31.2890682,-8.971995932,33.97098833,-9.741024155,39.3348286,-11.2790806,44.69866886,-12.81713705,46.5,-14.09885075,46.5,-15.06748176
345,6.021385919,31.44088565,-8.424559918,34.1358187,-9.146665054,39.52568481,-10.59087533,44.91555092,-12.0350856,46.5,-13.23859416,46.5,-15.12954394
346,6.038839212,31.58312589,-7.874557702,34.29025097,-8.54951979,39.70450112,-9.899443968,45.11875127,-11.24936815,46.5,-12.37430496,46.5,-15.18789185
347,6.056292504,31.71574561,-7.322156819,34.43423809,-7.949770261,39.87122305,-9.204997144,45.30820801,-10.46022403,46.5,-11.50624643,46.5,-15.24246836
348,6.073745797,31.8387044,-6.767525536,34.56773621,-7.347599153,40.02579982,-8.507746388,45.48386343,-9.667893623,46.5,-10.63468299,46.5,-15.29322004
349,6.091199089,31.95196482,-6.2108328,34.69070466,-6.743189897,40.16818435,-7.807904091,45.64566403,-8.872618285,46.5,-9.759880114,46.5,-15.34009713
350,6.108652382,32.05549236,-5.652248183,34.80310599,-6.136726599,40.29833325,-7.10568343,45.79356052,-8.074640262,46.5,-8.882104288,46.5,-15.38305366
351,6.126105675,32.14925549,-5.091941837,34.90490596,-5.528393995,40.4162069,-6.401298309,45.92750784,-7.274202624,46.5,-8.001622887,46.5,-15.42204747
352,6.143558967,32.23322564,-4.530084436,34.99607355,-4.918377388,40.52176937,-5.694963291,46.0474652,-6.471549195,46.5,-7.118704114,46.5,-15.45704028
353,6.16101226,32.30737724,-3.966847128,35.076581,-4.306862596,40.61498853,-4.986893532,46.15339605,-5.666924468,46.5,-6.233616915,46.5,-15.48799771
354,6.178465552,32.37168769,-3.402401479,35.14640378,-3.694035892,40.69583596,-4.277304717,46.24526813,-4.860573542,46.5,-5.346630896,46.5,-15.51488933
355,6.195918845,32.42613742,-2.836919426,35.20552063,-3.080083949,40.76428705,-3.566412993,46.32305346,-4.052742038,46.5,-4.458016242,46.5,-15.53768871
356,6.213372137,32.47070984,-2.27057322,35.25391354,-2.465193782,40.82032094,-2.854434906,46.38672834,-3.243676029,46.5,-3.568043632,46.5,-15.55637341
357,6.23082543,32.50539136,-1.703535376,35.29156776,-1.849552694,40.86392056,-2.141587329,46.43627337,-2.433621965,46.5,-2.676984162,46.5,-15.57092506
358,6.248278722,32.53017142,-1.135978618,35.31847183,-1.233348213,40.89507264,-1.428087405,46.47167346,-1.622826597,46.5,-1.785109256,46.5,-15.58132933
359,6.265732015,32.54504248,-0.56807583,35.33461755,-0.616768043,40.91376769,-0.714152471,46.49291782,-0.811536899,46.5,-0.892690589,46.5,-15.587576
360,6.283185307,32.55,-7.98E-15,35.34,-8.66E-15,40.92,-1.00E-14,46.5,-1.14E-14,46.5,-0.595854659,46.5,-15.5896589
